{"stats":{"minecraft:custom":{"minecraft:time_since_rest":155678,"minecraft:crouch_one_cm":1403,"minecraft:play_one_minute":155678,"minecraft:sprint_one_cm":3578,"minecraft:walk_one_cm":80057,"minecraft:sneak_time":1371,"minecraft:interact_with_anvil":3,"minecraft:mob_kills":3,"minecraft:jump":114,"minecraft:damage_dealt":600,"minecraft:leave_game":7,"minecraft:time_since_death":155678,"minecraft:talked_to_villager":14,"minecraft:fly_one_cm":85936},"minecraft:picked_up":{"minecraft:oak_sign":2,"minecraft:lever":9},"minecraft:used":{"minecraft:item_frame":2,"minecraft:lever":15,"minecraft:polished_blackstone_brick_slab":117,"minecraft:brewing_stand":8,"minecraft:anvil":1,"minecraft:villager_spawn_egg":18,"minecraft:command_block":30,"minecraft:grindstone":5,"minecraft:grass_block":55,"minecraft:smithing_table":4,"minecraft:chain_command_block":7,"minecraft:map":3,"minecraft:cartography_table":4,"minecraft:oak_sign":4,"minecraft:blackstone":3,"minecraft:lectern":7,"minecraft:composter":5,"minecraft:fletching_table":4},"minecraft:killed":{"minecraft:villager":3}},"DataVersion":2586}